DATE,ActualInflation,TB3MS,OutputGap
1949-01-01,1.39358,1.17,0.2093193043734
1949-02-01,1.01394,1.17,0.2093193043734
1949-03-01,1.74468,1.17,0.2093193043734
1949-04-01,0.41982,1.17,-1.5275579802127
1949-05-01,-0.41649,1.17,-1.5275579802127
1949-06-01,-0.95238,1.17,-1.5275579802127
1949-07-01,-2.86885,1.02,-1.9303854083174
1949-08-01,-2.98813,1.04,-1.9303854083174
1949-09-01,-2.50411,1.07,-1.9303854083174
1949-10-01,-2.63266,1.05,-4.0446766375008
1949-11-01,-1.90397,1.08,-4.0446766375008
1949-12-01,-1.82952,1.1,-4.0446766375008
1950-01-01,-2.08247,1.07,-1.6169347848378
1950-02-01,-1.25471,1.12,-1.6169347848378
1950-03-01,-1.12923,1.12,-1.6169347848378
1950-04-01,-1.12876,1.15,0.0745676129277
1950-05-01,-0.58553,1.16,0.0745676129277
1950-06-01,-0.16722,1.15,0.0745676129277
1950-07-01,1.56118,1.16,2.6463213817851
1950-08-01,2.1097,1.2,2.6463213817851
1950-09-01,2.48421,1.3,2.6463213817851
1950-10-01,3.50655,1.31,3.2910963938978
1950-11-01,3.79747,1.36,3.2910963938978
1950-12-01,5.80263,1.34,3.2910963938978
1951-01-01,7.95406,1.34,3.3839771318071
1951-02-01,9.4028,1.36,3.3839771318071
1951-03-01,9.47547,1.4,3.3839771318071
1951-04-01,9.59831,1.47,3.8765002709228
1951-05-01,9.3395,1.55,3.8765002709228
1951-06-01,8.58459,1.45,3.8765002709228
1951-07-01,7.64437,1.56,4.6505693459725
1951-08-01,6.8595,1.62,4.6505693459725
1951-09-01,6.9433,1.63,4.6505693459725
1951-10-01,6.77551,1.54,3.45523945767
1951-11-01,6.99187,1.56,3.45523945767
1951-12-01,5.96477,1.73,3.45523945767
1952-01-01,4.21592,1.57,3.0856288317656
1952-02-01,2.24545,1.54,3.0856288317656
1952-03-01,1.97063,1.59,3.0856288317656
1952-04-01,2.08333,1.57,1.7419303030745
1952-05-01,1.84686,1.67,1.7419303030745
1952-06-01,2.31392,1.7,1.7419303030745
1952-07-01,2.97183,1.81,1.0048042499416
1952-08-01,3.20959,1.83,1.0048042499416
1952-09-01,2.30503,1.71,1.0048042499416
1952-10-01,2.02599,1.74,2.923458452477
1952-11-01,1.40578,1.85,2.923458452477
1952-12-01,0.90669,2.09,2.923458452477
1953-01-01,0.71834,1.96,3.6113747795621
1953-02-01,0.68156,1.97,3.6113747795621
1953-03-01,0.90944,2.01,3.6113747795621
1953-04-01,0.86924,2.19,3.3512191669627
1953-05-01,0.86891,2.16,3.3512191669627
1953-06-01,0.90464,2.11,3.3512191669627
1953-07-01,0.41229,2.04,1.8914196149297
1953-08-01,0.59948,2.04,1.8914196149297
1953-09-01,0.97634,1.79,1.8914196149297
1953-10-01,0.97415,1.38,-0.3797560704584
1953-11-01,0.59948,1.44,-0.3797560704584
1953-12-01,0.59903,1.6,-0.3797560704584
1954-01-01,1.12613,1.18,-1.519686138212
1954-02-01,1.50432,0.97,-1.519686138212
1954-03-01,1.12655,1.03,-1.519686138212
1954-04-01,0.63694,0.97,-2.01337183111
1954-05-01,0.86142,0.76,-2.01337183111
1954-06-01,0.63504,0.64,-2.01337183111
1954-07-01,0.26129,0.72,-1.4874586548739
1954-08-01,0.0,0.92,-1.4874586548739
1954-09-01,-0.29751,1.01,-1.4874586548739
1954-10-01,-0.85343,0.98,-0.1749746196603
1954-11-01,-0.26071,0.93,-0.1749746196603
1954-12-01,-0.37216,1.15,-0.1749746196603
1955-01-01,-0.63103,1.22,2.0599463016625
1955-02-01,-0.62986,1.17,2.0599463016625
1955-03-01,-0.51987,1.28,2.0599463016625
1955-04-01,-0.26061,1.59,3.0495471527918
1955-05-01,-0.59413,1.45,3.0495471527918
1955-06-01,-0.85375,1.41,3.0495471527918
1955-07-01,-0.3723,1.6,3.7809103876992
1955-08-01,-0.48417,1.9,3.7809103876992
1955-09-01,0.1492,2.07,3.7809103876992
1955-10-01,0.37425,2.23,3.7232946968519
1955-11-01,0.37341,2.24,3.7232946968519
1955-12-01,0.37355,2.54,3.7232946968519
1956-01-01,0.22413,2.41,2.6489931890707
1956-02-01,0.14914,2.32,2.6489931890707
1956-03-01,0.37327,2.25,2.6489931890707
1956-04-01,0.52258,2.6,2.8464692328784
1956-05-01,0.97124,2.61,2.8464692328784
1956-06-01,1.64732,2.49,2.8464692328784
1956-07-01,1.98057,2.31,2.0842282548875
1956-08-01,2.20808,2.6,2.0842282548875
1956-09-01,1.8622,2.84,2.0842282548875
1956-10-01,2.57271,2.9,3.0499683630556
1956-11-01,2.34375,2.99,3.0499683630556
1956-12-01,2.82843,3.21,3.0499683630556
1957-01-01,3.13082,3.11,2.9329950513547
1957-02-01,3.49963,3.1,2.9329950513547
1957-03-01,3.60729,3.08,2.9329950513547
1957-04-01,3.71333,3.07,1.8751799174458
1957-05-01,3.58861,3.06,1.8751799174458
1957-06-01,3.53591,3.29,1.8751799174458
1957-07-01,3.29791,3.16,1.9994055989069
1957-08-01,3.55181,3.37,1.9994055989069
1957-09-01,3.54662,3.53,1.9994055989069
1957-10-01,2.94438,3.58,0.0576360853998
1957-11-01,3.27154,3.31,0.0576360853998
1957-12-01,3.04017,3.04,0.0576360853998
1958-01-01,3.5056,2.44,-3.3836698718224
1958-02-01,3.23741,1.53,-3.3836698718224
1958-03-01,3.62527,1.3,-3.3836698718224
1958-04-01,3.61618,1.13,-3.5977112709759
1958-05-01,3.35714,0.91,-3.5977112709759
1958-06-01,2.84596,0.83,-3.5977112709759
1958-07-01,2.48315,0.91,-2.2269513853504
1958-08-01,2.3338,1.69,-2.2269513853504
1958-09-01,2.08333,2.44,-2.2269513853504
1958-10-01,2.08333,2.63,-0.8560955500301
1958-11-01,1.90074,2.67,-0.8560955500301
1958-12-01,1.75623,2.77,-0.8560955500301
1959-01-01,1.2919,2.82,0.0974904973751
1959-02-01,1.0453,2.7,0.0974904973751
1959-03-01,0.34638,2.8,0.0974904973751
1959-04-01,0.13822,2.95,1.3387744936309
1959-05-01,0.34554,2.84,1.3387744936309
1959-06-01,0.6918,3.21,1.3387744936309
1959-07-01,0.89997,3.2,0.3433537670199
1959-08-01,0.8293,3.38,0.3433537670199
1959-09-01,1.17606,4.04,0.3433537670199
1959-10-01,1.52196,4.05,-0.4324591231685
1959-11-01,1.38169,4.15,-0.4324591231685
1959-12-01,1.51881,4.49,-0.4324591231685
1960-01-01,1.24095,4.35,0.7266025598649
1960-02-01,1.41379,3.96,0.7266025598649
1960-03-01,1.51881,3.31,0.7266025598649
1960-04-01,1.93237,3.23,-0.8392023718397
1960-05-01,1.82507,3.29,-0.8392023718397
1960-06-01,1.71762,2.46,-0.8392023718397
1960-07-01,1.37221,2.3,-1.3452278100548
1960-08-01,1.47361,2.3,-1.3452278100548
1960-09-01,1.23077,2.48,-1.3452278100548
1960-10-01,1.36286,2.3,-3.5366797321525
1960-11-01,1.46508,2.37,-3.5366797321525
1960-12-01,1.36008,2.25,-3.5366797321525
1961-01-01,1.60027,2.24,-3.7838243507756
1961-02-01,1.46209,2.42,-3.7838243507756
1961-03-01,1.46209,2.39,-3.7838243507756
1961-04-01,0.91401,2.29,-2.9961650325098
1961-05-01,0.91309,2.29,-2.9961650325098
1961-06-01,0.77676,2.33,-2.9961650325098
1961-07-01,1.25212,2.24,-2.0114715409561
1961-08-01,1.11449,2.39,-2.0114715409561
1961-09-01,1.24958,2.28,-2.0114715409561
1961-10-01,0.77311,2.3,-0.9945297658461
1961-11-01,0.67159,2.48,-0.9945297658461
1961-12-01,0.67092,2.6,-0.9945297658461
1962-01-01,0.67024,2.72,-0.2031657608018
1962-02-01,0.90483,2.73,-0.2031657608018
1962-03-01,1.1059,2.72,-0.2031657608018
1962-04-01,1.34183,2.73,-0.3459264357628
1962-05-01,1.34048,2.69,-0.3459264357628
1962-06-01,1.23995,2.73,-0.3459264357628
1962-07-01,1.00267,2.92,-0.2203469676544
1962-08-01,1.1356,2.82,-0.2203469676544
1962-09-01,1.46765,2.78,-0.2203469676544
1962-10-01,1.33422,2.74,-1.001324833326
1962-11-01,1.33422,2.83,-1.001324833326
1962-12-01,1.23292,2.87,-1.001324833326
1963-01-01,1.33156,2.91,-1.0187517281249
1963-02-01,1.22883,2.92,-1.0187517281249
1963-03-01,1.12695,2.89,-1.0187517281249
1963-04-01,0.89374,2.9,-0.9846983190457
1963-05-01,0.89286,2.93,-0.9846983190457
1963-06-01,1.32406,2.99,-0.9846983190457
1963-07-01,1.55526,3.18,0.1193170637778
1963-08-01,1.55218,3.32,0.1193170637778
1963-09-01,0.98619,3.38,0.1193170637778
1963-10-01,1.21791,3.45,-0.2934358131982
1963-11-01,1.31666,3.52,-0.2934358131982
1963-12-01,1.64582,3.52,-0.2934358131982
1964-01-01,1.64258,3.52,0.7335894971382
1964-02-01,1.41076,3.53,0.7335894971382
1964-03-01,1.40937,3.54,0.7335894971382
1964-04-01,1.54199,3.47,0.7291264072692
1964-05-01,1.54048,3.48,0.7291264072692
1964-06-01,1.30676,3.48,0.7291264072692
1964-07-01,1.07527,3.46,1.1853863213161
1964-08-01,0.97561,3.5,1.1853863213161
1964-09-01,1.17188,3.53,1.1853863213161
1964-10-01,1.20325,3.57,0.3937601056279
1964-11-01,1.39701,3.64,0.3937601056279
1964-12-01,1.19819,3.84,0.3937601056279
1965-01-01,1.0989,3.81,1.6894884132062
1965-02-01,1.19702,3.93,1.6894884132062
1965-03-01,1.19586,3.93,1.6894884132062
1965-04-01,1.38934,3.93,1.8789393819719
1965-05-01,1.61394,3.89,1.8789393819719
1965-06-01,1.93486,3.8,1.8789393819719
1965-07-01,1.80529,3.84,3.0170610777007
1965-08-01,1.61031,3.84,3.0170610777007
1965-09-01,1.73745,3.92,3.0170610777007
1965-10-01,1.70308,4.03,4.2612734642891
1965-11-01,1.73021,4.09,4.2612734642891
1965-12-01,1.92,4.38,4.2612734642891
1966-01-01,1.91816,4.59,5.6570554531731
1966-02-01,2.55754,4.65,5.6570554531731
1966-03-01,2.77866,4.59,5.6570554531731
1966-04-01,2.86807,4.62,4.8925227332141
1966-05-01,2.76366,4.64,4.8925227332141
1966-06-01,2.43594,4.5,4.8925227332141
1966-07-01,2.75491,4.8,4.651907044572
1966-08-01,3.48653,4.96,4.651907044572
1966-09-01,3.57369,5.37,4.651907044572
1966-10-01,3.79147,5.35,4.3918935294464
1966-11-01,3.55906,5.32,4.3918935294464
1966-12-01,3.3595,4.96,4.3918935294464
1967-01-01,3.1995,4.72,4.1726236112865
1967-02-01,2.86783,4.56,4.1726236112865
1967-03-01,2.54817,4.26,4.1726236112865
1967-04-01,2.54027,3.84,3.0799648934545
1967-05-01,2.31839,3.6,3.0799648934545
1967-06-01,2.84126,3.54,3.0799648934545
1967-07-01,2.92758,4.21,2.8855407622007
1967-08-01,2.60337,4.27,2.8855407622007
1967-09-01,2.59542,4.42,2.8855407622007
1967-10-01,2.58752,4.56,2.4786388005113
1967-11-01,3.10219,4.73,2.4786388005113
1967-12-01,3.28068,4.97,2.4786388005113
1968-01-01,3.64742,5.0,3.385418268738
1968-02-01,3.63636,4.98,3.385418268738
1968-03-01,3.93939,5.17,3.385418268738
1968-04-01,3.92749,5.38,3.9519057908026
1968-05-01,4.22961,5.66,3.9519057908026
1968-06-01,4.2042,5.52,3.9519057908026
1968-07-01,4.49102,5.31,3.6020205682483
1968-08-01,4.47761,5.09,3.6020205682483
1968-09-01,4.46429,5.19,3.6020205682483
1968-10-01,4.74777,5.35,2.868007338129
1968-11-01,4.42478,5.45,2.868007338129
1968-12-01,4.70588,5.96,2.868007338129
1969-01-01,4.69208,6.14,3.3801160156964
1969-02-01,4.67836,6.12,3.3801160156964
1969-03-01,5.24781,6.02,3.3801160156964
1969-04-01,5.52326,6.11,2.6558399854282
1969-05-01,5.50725,6.04,2.6558399854282
1969-06-01,5.4755,6.44,2.6558399854282
1969-07-01,5.44413,7.0,2.3578655464167
1969-08-01,5.42857,6.98,2.3578655464167
1969-09-01,5.69801,7.09,2.3578655464167
1969-10-01,5.66572,7.0,0.9445869491295
1969-11-01,5.9322,7.24,0.9445869491295
1969-12-01,5.89888,7.82,0.9445869491295
1970-01-01,6.16246,7.87,-0.0644491298471
1970-02-01,6.42458,7.13,-0.0644491298471
1970-03-01,6.09418,6.63,-0.0644491298471
1970-04-01,6.06061,6.51,-0.7288652509149
1970-05-01,6.04396,6.84,-0.7288652509149
1970-06-01,6.01093,6.68,-0.7288652509149
1970-07-01,5.70652,6.45,-0.5966440993868
1970-08-01,5.69106,6.41,-0.5966440993868
1970-09-01,5.66038,6.12,-0.5966440993868
1970-10-01,5.63003,5.91,-2.4218668863428
1970-11-01,5.6,5.28,-2.4218668863428
1970-12-01,5.57029,4.87,-2.4218668863428
1971-01-01,5.27704,4.44,-0.5708095099489
1971-02-01,4.72441,3.7,-0.5708095099489
1971-03-01,4.43864,3.38,-0.5708095099489
1971-04-01,4.15584,3.86,-0.8744729906226
1971-05-01,4.40415,4.14,-0.8744729906226
1971-06-01,4.38144,4.75,-0.8744729906226
1971-07-01,4.37018,5.4,-0.9200783289645
1971-08-01,4.35897,4.94,-0.9200783289645
1971-09-01,4.08163,4.69,-0.9200783289645
1971-10-01,3.80711,4.46,-1.5378367825576
1971-11-01,3.53535,4.22,-1.5378367825576
1971-12-01,3.26633,4.01,-1.5378367825576
1972-01-01,3.25815,3.38,-0.5603771557078
1972-02-01,3.7594,3.2,-0.5603771557078
1972-03-01,3.5,3.73,-0.5603771557078
1972-04-01,3.49127,3.71,0.89863629097
1972-05-01,3.22581,3.69,0.89863629097
1972-06-01,2.96296,3.91,0.89863629097
1972-07-01,2.95567,3.98,1.0807993086598
1972-08-01,2.9484,4.02,1.0807993086598
1972-09-01,3.18627,4.66,1.0807993086598
1972-10-01,3.17848,4.74,2.0028363227975
1972-11-01,3.41463,4.78,2.0028363227975
1972-12-01,3.40633,5.07,2.0028363227975
1973-01-01,3.64078,5.41,3.7238462317424
1973-02-01,3.86473,5.6,3.7238462317424
1973-03-01,4.83092,6.09,3.7238462317424
1973-04-01,5.3012,6.26,3.9921464793514
1973-05-01,5.52885,6.36,3.9921464793514
1973-06-01,5.9952,7.19,3.9921464793514
1973-07-01,5.74163,8.01,2.5746816190645
1973-08-01,7.39857,8.67,2.5746816190645
1973-09-01,7.36342,8.29,2.5746816190645
1973-10-01,8.05687,7.22,2.6560533446764
1973-11-01,8.25472,7.83,2.6560533446764
1973-12-01,8.94118,7.45,2.6560533446764
1974-01-01,9.60187,7.77,0.8912351489083
1974-02-01,10.0,7.12,0.8912351489083
1974-03-01,10.13825,7.96,0.8912351489083
1974-04-01,10.06865,8.33,0.2586631849593
1974-05-01,10.70615,8.23,0.2586631849593
1974-06-01,10.85973,7.9,0.2586631849593
1974-07-01,11.53846,7.55,-1.5244139417516
1974-08-01,10.88889,8.96,-1.5244139417516
1974-09-01,11.9469,8.06,-1.5244139417516
1974-10-01,11.84211,7.46,-2.7158770047655
1974-11-01,12.20044,7.47,-2.7158770047655
1974-12-01,12.09503,7.15,-2.7158770047655
1975-01-01,11.75214,6.26,-4.6709249274767
1975-02-01,11.20507,5.5,-4.6709249274767
1975-03-01,10.46025,5.49,-4.6709249274767
1975-04-01,10.18711,5.61,-4.7443979366005
1975-05-01,9.25926,5.23,-4.7443979366005
1975-06-01,9.18367,5.34,-4.7443979366005
1975-07-01,9.53347,6.13,-3.8651837765113
1975-08-01,8.61723,6.44,-3.8651837765113
1975-09-01,7.90514,6.42,-3.8651837765113
1975-10-01,7.64706,5.96,-3.3201854837111
1975-11-01,7.37864,5.48,-3.3201854837111
1975-12-01,7.12909,5.44,-3.3201854837111
1976-01-01,6.69216,4.87,-1.8918284962005
1976-02-01,6.27376,4.88,-1.8918284962005
1976-03-01,6.06061,5.0,-1.8918284962005
1976-04-01,5.84906,4.86,-1.9155580150549
1976-05-01,6.21469,5.2,-1.9155580150549
1976-06-01,5.98131,5.41,-1.9155580150549
1976-07-01,5.55556,5.23,-2.1312414166952
1976-08-01,5.71956,5.14,-2.1312414166952
1976-09-01,5.49451,5.08,-2.1312414166952
1976-10-01,5.46448,4.92,-2.1798553264902
1976-11-01,5.06329,4.75,-2.1798553264902
1976-12-01,5.03597,4.35,-2.1798553264902
1977-01-01,5.19713,4.62,-1.8020135166081
1977-02-01,6.08229,4.67,-1.8020135166081
1977-03-01,6.42857,4.6,-1.8020135166081
1977-04-01,6.95187,4.54,-0.7050442370522
1977-05-01,6.73759,4.96,-0.7050442370522
1977-06-01,6.70194,5.02,-0.7050442370522
1977-07-01,6.66667,5.19,0.2569186794737
1977-08-01,6.63176,5.49,0.2569186794737
1977-09-01,6.42361,5.81,0.2569186794737
1977-10-01,6.39033,6.16,-0.5805733472396
1977-11-01,6.71256,6.1,-0.5805733472396
1977-12-01,6.67808,6.07,-0.5805733472396
1978-01-01,6.81431,6.44,-1.1104330101278
1978-02-01,6.23946,6.45,-1.1104330101278
1978-03-01,6.37584,6.29,-1.1104330101278
1978-04-01,6.5,6.29,1.8320272398229
1978-05-01,7.14286,6.41,1.8320272398229
1978-06-01,7.43802,6.73,1.8320272398229
1978-07-01,7.73026,7.01,1.9616032244732
1978-08-01,7.85597,7.08,1.9616032244732
1978-09-01,8.48287,7.85,1.9616032244732
1978-10-01,8.92857,7.99,2.4225777652354
1978-11-01,8.87097,8.64,2.4225777652354
1978-12-01,8.98876,9.08,2.4225777652354
1979-01-01,9.2504,9.35,1.6808753859905
1979-02-01,9.84127,9.32,1.6808753859905
1979-03-01,10.25237,9.48,1.6808753859905
1979-04-01,10.48513,9.46,0.9024279577977
1979-05-01,10.69767,9.61,0.9024279577977
1979-06-01,11.07692,9.06,0.9024279577977
1979-07-01,11.45038,9.24,0.8157858878337
1979-08-01,11.83612,9.52,0.8157858878337
1979-09-01,11.8797,10.26,0.8157858878337
1979-10-01,12.07154,11.7,0.2981195826578
1979-11-01,12.59259,11.79,0.2981195826578
1979-12-01,13.25479,12.04,0.2981195826578
1980-01-01,13.86861,12.0,-0.0761186243818
1980-02-01,14.16185,12.86,-0.0761186243818
1980-03-01,14.59227,15.2,-0.0761186243818
1980-04-01,14.58924,13.2,-2.7217602121084
1980-05-01,14.42577,8.58,-2.7217602121084
1980-06-01,14.26593,7.07,-2.7217602121084
1980-07-01,13.15068,8.06,-3.3395606352518
1980-08-01,12.89009,9.13,-3.3395606352518
1980-09-01,12.76882,10.27,-3.3395606352518
1980-10-01,12.63298,11.62,-2.0660102217962
1980-11-01,12.63158,13.73,-2.0660102217962
1980-12-01,12.35371,15.49,-2.0660102217962
1981-01-01,11.79487,15.02,-0.7067160911359
1981-02-01,11.39241,14.79,-0.7067160911359
1981-03-01,10.61174,13.36,-0.7067160911359
1981-04-01,10.13597,13.69,-2.0738498042635
1981-05-01,9.79192,16.3,-2.0738498042635
1981-06-01,9.69697,14.73,-2.0738498042635
1981-07-01,10.77482,14.95,-1.5695962112095
1981-08-01,10.81731,15.51,-1.5695962112095
1981-09-01,10.96544,14.7,-1.5695962112095
1981-10-01,10.27155,13.54,-3.3309064326021
1981-11-01,9.57944,10.86,-3.3309064326021
1981-12-01,8.91204,10.85,-3.3309064326021
1982-01-01,8.25688,12.28,-5.5274763631001
1982-02-01,7.61364,13.48,-5.5274763631001
1982-03-01,6.88488,12.68,-5.5274763631001
1982-04-01,6.62177,12.7,-5.8025932944339
1982-05-01,6.91193,12.09,-5.8025932944339
1982-06-01,7.18232,12.47,-5.8025932944339
1982-07-01,6.55738,11.35,-6.8702015423982
1982-08-01,5.96529,8.68,-6.8702015423982
1982-09-01,4.94092,7.92,-6.8702015423982
1982-10-01,5.03212,7.71,-7.545802358084
1982-11-01,4.47761,8.07,-7.545802358084
1982-12-01,3.82572,7.94,-7.545802358084
1983-01-01,3.70763,7.86,-7.0379065253862
1983-02-01,3.48469,8.11,-7.0379065253862
1983-03-01,3.59029,8.35,-7.0379065253862
1983-04-01,4.0,8.21,-5.6572354414978
1983-05-01,3.44108,8.19,-5.6572354414978
1983-06-01,2.47423,8.79,-5.6572354414978
1983-07-01,2.35897,9.08,-4.5320536896787
1983-08-01,2.4565,9.34,-4.5320536896787
1983-09-01,2.76356,9.0,-4.5320536896787
1983-10-01,2.75229,8.64,-3.337528155111
1983-11-01,3.16327,8.76,-3.337528155111
1983-12-01,3.7871,9.0,-3.337528155111
1984-01-01,4.29009,8.9,-2.2806663664441
1984-02-01,4.69388,9.09,-2.2806663664441
1984-03-01,4.89297,9.52,-2.2806663664441
1984-04-01,4.55466,9.69,-1.4585926757208
1984-05-01,4.33468,9.83,-1.4585926757208
1984-06-01,4.32596,9.87,-1.4585926757208
1984-07-01,4.30862,10.12,-1.3905970248767
1984-08-01,4.2957,10.47,-1.3905970248767
1984-09-01,4.28287,10.37,-1.3905970248767
1984-10-01,4.26587,9.74,-1.4718474609799
1984-11-01,4.1543,8.61,-1.4718474609799
1984-12-01,4.04339,8.06,-1.4718474609799
1985-01-01,3.52595,7.76,-1.4078118460725
1985-02-01,3.60624,8.27,-1.4078118460725
1985-03-01,3.79009,8.52,-1.4078118460725
1985-04-01,3.5818,7.95,-1.4276487708693
1985-05-01,3.57488,7.48,-1.4276487708693
1985-06-01,3.66442,6.95,-1.4276487708693
1985-07-01,3.45821,7.08,-0.8081148946777
1985-08-01,3.35249,7.14,-0.8081148946777
1985-09-01,3.24737,7.1,-0.8081148946777
1985-10-01,3.23501,7.16,-0.9429463393134
1985-11-01,3.51377,7.24,-0.9429463393134
1985-12-01,3.79147,7.1,-0.9429463393134
1986-01-01,3.97351,7.07,-0.8760725408008
1986-02-01,3.19849,7.06,-0.8760725408008
1986-03-01,2.15356,6.56,-0.8760725408008
1986-04-01,1.58879,6.06,-1.2712311641903
1986-05-01,1.6791,6.15,-1.2712311641903
1986-06-01,1.76744,6.21,-1.2712311641903
1986-07-01,1.67131,5.83,-1.1600851508472
1986-08-01,1.57553,5.53,-1.1600851508472
1986-09-01,1.75763,5.21,-1.1600851508472
1986-10-01,1.56682,5.18,-1.4500914141926
1986-11-01,1.2844,5.35,-1.4500914141926
1986-12-01,1.18721,5.53,-1.4500914141926
1987-01-01,1.36488,5.43,-1.5269018951546
1987-02-01,1.91431,5.59,-1.5269018951546
1987-03-01,2.84143,5.59,-1.5269018951546
1987-04-01,3.67985,5.64,-1.2636696642738
1987-05-01,3.66972,5.66,-1.2636696642738
1987-06-01,3.74771,5.67,-1.2636696642738
1987-07-01,3.92694,5.69,-1.1960661270498
1987-08-01,4.28832,6.04,-1.1960661270498
1987-09-01,4.27273,6.4,-1.1960661270498
1987-10-01,4.35572,6.13,-0.2928052489005
1987-11-01,4.52899,5.69,-0.2928052489005
1987-12-01,4.33213,5.77,-0.2928052489005
1988-01-01,4.12926,5.81,-0.5585645792331
1988-02-01,3.9356,5.66,-0.5585645792331
1988-03-01,3.83244,5.7,-0.5585645792331
1988-04-01,3.9929,5.91,-0.0362426919041
1988-05-01,3.9823,6.26,-0.0362426919041
1988-06-01,3.96476,6.46,-0.0362426919041
1988-07-01,4.13005,6.73,-0.2288155333883
1988-08-01,4.11199,7.06,-0.2288155333883
1988-09-01,4.18483,7.24,-0.2288155333883
1988-10-01,4.26087,7.35,0.3195316832461
1988-11-01,4.2461,7.76,0.3195316832461
1988-12-01,4.41176,8.07,0.3195316832461
1989-01-01,4.48276,8.27,0.5623580431156
1989-02-01,4.64716,8.53,0.5623580431156
1989-03-01,4.8927,8.82,0.5623580431156
1989-04-01,5.03413,8.65,0.5592054093876
1989-05-01,5.2766,8.43,0.5592054093876
1989-06-01,5.16949,8.15,0.5592054093876
1989-07-01,5.06329,7.88,0.6344785859306
1989-08-01,4.62185,7.9,0.6344785859306
1989-09-01,4.43515,7.75,0.6344785859306
1989-10-01,4.58716,7.64,0.0653260648294
1989-11-01,4.65503,7.69,0.0653260648294
1989-12-01,4.6396,7.63,0.0653260648294
1990-01-01,5.19802,7.64,0.4079068850141
1990-02-01,5.26316,7.74,0.4079068850141
1990-03-01,5.23732,7.9,0.4079068850141
1990-04-01,4.71162,7.77,0.0462469193431
1990-05-01,4.3654,7.74,0.0462469193431
1990-06-01,4.67365,7.73,0.0462469193431
1990-07-01,4.81928,7.62,-0.579904006586
1990-08-01,5.70281,7.45,-0.579904006586
1990-09-01,6.16987,7.36,-0.579904006586
1990-10-01,6.37959,7.17,-2.1387569750258
1990-11-01,6.19539,7.06,-2.1387569750258
1990-12-01,6.25495,6.74,-2.1387569750258
1991-01-01,5.64706,6.22,-3.2198242696471
1991-02-01,5.3125,5.94,-3.2198242696471
1991-03-01,4.82115,5.91,-3.2198242696471
1991-04-01,4.80993,5.65,-3.0671097033268
1991-05-01,5.03486,5.46,-3.0671097033268
1991-06-01,4.69592,5.57,-3.0671097033268
1991-07-01,4.36782,5.58,-3.1624264950446
1991-08-01,3.79939,5.33,-3.1624264950446
1991-09-01,3.39623,5.22,-3.1624264950446
1991-10-01,2.84858,4.99,-3.402654931518
1991-11-01,3.06657,4.56,-3.402654931518
1991-12-01,2.98063,4.07,-3.402654931518
1992-01-01,2.67261,3.8,-2.822542673795
1992-02-01,2.81899,3.84,-2.822542673795
1992-03-01,3.18991,4.04,-2.822542673795
1992-04-01,3.18283,3.75,-2.3513878773985
1992-05-01,3.0236,3.63,-2.3513878773985
1992-06-01,3.01471,3.66,-2.3513878773985
1992-07-01,3.15712,3.21,-1.9800602963333
1992-08-01,3.07467,3.13,-1.9800602963333
1992-09-01,2.9927,2.91,-1.9800602963333
1992-10-01,3.27988,2.86,-1.558628102183
1992-11-01,3.12046,3.13,-1.558628102183
1992-12-01,2.96671,3.22,-1.558628102183
1993-01-01,3.2538,3.0,-1.9974932706145
1993-02-01,3.24675,2.93,-1.9974932706145
1993-03-01,3.01941,2.95,-1.9974932706145
1993-04-01,3.15638,2.87,-2.0425290219649
1993-05-01,3.22119,2.96,-2.0425290219649
1993-06-01,2.99786,3.07,-2.0425290219649
1993-07-01,2.84698,3.04,-2.1949683368264
1993-08-01,2.84091,3.02,-2.1949683368264
1993-09-01,2.764,2.95,-2.1949683368264
1993-10-01,2.75229,3.02,-1.4938815290645
1993-11-01,2.74455,3.1,-1.4938815290645
1993-12-01,2.81096,3.06,-1.4938815290645
1994-01-01,2.45098,2.98,-1.1729316945204
1994-02-01,2.51572,3.25,-1.1729316945204
1994-03-01,2.65178,3.5,-1.1729316945204
1994-04-01,2.36439,3.68,-0.4755914483375
1994-05-01,2.28849,4.14,-0.4755914483375
1994-06-01,2.4948,4.14,-0.4755914483375
1994-07-01,2.69896,4.33,-0.5442713102173
1994-08-01,2.90055,4.48,-0.5442713102173
1994-09-01,2.96552,4.62,-0.5442713102173
1994-10-01,2.60989,4.95,-0.0641261612538
1994-11-01,2.60274,5.29,-0.0641261612538
1994-12-01,2.5974,5.6,-0.0641261612538
1995-01-01,2.87081,5.71,-0.3685307565341
1995-02-01,2.86299,5.77,-0.3685307565341
1995-03-01,2.78722,5.73,-0.3685307565341
1995-04-01,3.125,5.65,-0.7355031826108
1995-05-01,3.11864,5.67,-0.7355031826108
1995-06-01,3.0426,5.47,-0.7355031826108
1995-07-01,2.83019,5.42,-0.5592338444809
1995-08-01,2.61745,5.4,-0.5592338444809
1995-09-01,2.54521,5.28,-0.5592338444809
1995-10-01,2.74431,5.28,-0.5653511937413
1995-11-01,2.60347,5.36,-0.5653511937413
1995-12-01,2.53165,5.14,-0.5653511937413
1996-01-01,2.7907,5.0,-0.5122248193891
1996-02-01,2.71703,4.83,-0.5122248193891
1996-03-01,2.84392,4.96,-0.5122248193891
1996-04-01,2.83267,4.95,0.4083805335129
1996-05-01,2.82709,5.02,0.4083805335129
1996-06-01,2.82152,5.09,0.4083805335129
1996-07-01,2.88336,5.15,0.519700042532
1996-08-01,2.8123,5.05,0.519700042532
1996-09-01,3.00457,5.09,0.519700042532
1996-10-01,3.06189,4.99,0.7254332778373
1996-11-01,3.25309,5.03,0.7254332778373
1996-12-01,3.37882,4.91,0.7254332778373
1997-01-01,3.03814,5.03,0.4950089213669
1997-02-01,3.03226,5.01,0.4950089213669
1997-03-01,2.76527,5.14,0.4950089213669
1997-04-01,2.43434,5.16,1.2430479105741
1997-05-01,2.23785,5.05,1.2430479105741
1997-06-01,2.23357,4.93,1.2430479105741
1997-07-01,2.16561,5.05,1.5377644465723
1997-08-01,2.29008,5.14,1.5377644465723
1997-09-01,2.2194,4.95,1.5377644465723
1997-10-01,2.08597,4.97,1.4061294166318
1997-11-01,1.89036,5.14,1.4061294166318
1997-12-01,1.69705,5.16,1.4061294166318
1998-01-01,1.63112,5.04,1.3984968624061
1998-02-01,1.4402,5.09,1.3984968624061
1998-03-01,1.37672,5.03,1.3984968624061
1998-04-01,1.4384,4.95,1.2824597529233
1998-05-01,1.68856,5.0,1.2824597529233
1998-06-01,1.62297,4.98,1.2824597529233
1998-07-01,1.74564,4.96,1.4838839238375
1998-08-01,1.61692,4.9,1.4838839238375
1998-09-01,1.4268,4.61,1.4838839238375
1998-10-01,1.48607,3.96,2.0201596186125
1998-11-01,1.48423,4.41,2.0201596186125
1998-12-01,1.60692,4.39,2.0201596186125
1999-01-01,1.66667,4.34,1.8671231729504
1999-02-01,1.66667,4.44,1.8671231729504
1999-03-01,1.7284,4.44,1.8671231729504
1999-04-01,2.28113,4.29,1.6009466029003
1999-05-01,2.09102,4.5,1.6009466029003
1999-06-01,1.9656,4.57,1.6009466029003
1999-07-01,2.14461,4.55,1.8244991357245
1999-08-01,2.26438,4.72,1.8244991357245
1999-09-01,2.62997,4.68,1.8244991357245
1999-10-01,2.56254,4.86,2.3612633464816
1999-11-01,2.62035,5.07,2.3612633464816
1999-12-01,2.6764,5.2,2.3612633464816
2000-01-01,2.79296,5.32,1.6125255335158
2000-02-01,3.21797,5.55,1.6125255335158
2000-03-01,3.76214,5.69,1.6125255335158
2000-04-01,3.01386,5.66,2.3789075339877
2000-05-01,3.13253,5.79,2.3789075339877
2000-06-01,3.73494,5.69,2.3789075339877
2000-07-01,3.59928,5.96,1.4680187839986
2000-08-01,3.35129,6.09,1.4680187839986
2000-09-01,3.4565,6.0,1.4680187839986
2000-10-01,3.45033,6.11,1.125424938429
2000-11-01,3.44418,6.17,1.125424938429
2000-12-01,3.43602,5.77,1.125424938429
2001-01-01,3.7212,5.15,-0.0835651715995
2001-02-01,3.52941,4.88,-0.0835651715995
2001-03-01,2.98246,4.42,-0.0835651715995
2001-04-01,3.21826,3.87,-0.2784167431214
2001-05-01,3.56308,3.62,-0.2784167431214
2001-06-01,3.19396,3.49,-0.2784167431214
2001-07-01,2.72148,3.51,-1.433669300531
2001-08-01,2.72148,3.36,-1.433669300531
2001-09-01,2.59217,2.64,-1.433669300531
2001-10-01,2.12766,2.16,-1.8702061826502
2001-11-01,1.89437,1.87,-1.8702061826502
2001-12-01,1.60367,1.69,-1.8702061826502
2002-01-01,1.1959,1.65,-1.7178493435788
2002-02-01,1.13636,1.72,-1.7178493435788
2002-03-01,1.36286,1.79,-1.7178493435788
2002-04-01,1.64399,1.71,-1.7567986307947
2002-05-01,1.24083,1.73,-1.7567986307947
2002-06-01,1.06922,1.7,-1.7567986307947
2002-07-01,1.46561,1.68,-1.9811454528018
2002-08-01,1.74746,1.62,-1.9811454528018
2002-09-01,1.516,1.63,-1.9811454528018
2002-10-01,2.02703,1.58,-2.4685841139777
2002-11-01,2.25352,1.23,-2.4685841139777
2002-12-01,2.48027,1.19,-2.4685841139777
2003-01-01,2.75746,1.17,-2.5583429482591
2003-02-01,3.14607,1.17,-2.5583429482591
2003-03-01,3.02521,1.13,-2.5583429482591
2003-04-01,2.17513,1.13,-2.3010060193375
2003-05-01,1.89415,1.07,-2.3010060193375
2003-06-01,1.94878,0.92,-2.3010060193375
2003-07-01,2.05556,0.9,-1.2848850074478
2003-08-01,2.21607,0.95,-1.2848850074478
2003-09-01,2.37832,0.94,-1.2848850074478
2003-10-01,2.04194,0.92,-0.7568120380942
2003-11-01,1.92837,0.93,-0.7568120380942
2003-12-01,2.0352,0.9,-0.7568120380942
2004-01-01,2.02629,0.88,-0.8205541776459
2004-02-01,1.68845,0.93,-0.8205541776459
2004-03-01,1.74008,0.94,-0.8205541776459
2004-04-01,2.29258,0.94,-0.6859960211148
2004-05-01,2.89776,1.02,-0.6859960211148
2004-06-01,3.16767,1.27,-0.6859960211148
2004-07-01,2.93958,1.33,-0.3910991161979
2004-08-01,2.54743,1.48,-0.3910991161979
2004-09-01,2.53917,1.65,-0.3910991161979
2004-10-01,3.19091,1.76,-0.0298466178313
2004-11-01,3.62162,2.07,-0.0298466178313
2004-12-01,3.34232,2.19,-0.0298466178313
2005-01-01,2.84487,2.33,0.4369406303089
2005-02-01,3.05303,2.54,0.4369406303089
2005-03-01,3.20684,2.74,0.4369406303089
2005-04-01,3.36179,2.78,0.3125526664899
2005-05-01,2.86929,2.84,0.3125526664899
2005-06-01,2.54103,2.97,0.3125526664899
2005-07-01,3.06716,3.22,0.4931081005311
2005-08-01,3.64693,3.44,0.4931081005311
2005-09-01,4.74183,3.42,0.4931081005311
2005-10-01,4.3501,3.71,0.4650597136967
2005-11-01,3.33855,3.88,0.4650597136967
2005-12-01,3.33855,3.89,0.4650597136967
2006-01-01,4.01879,4.24,1.2458736432847
2006-02-01,3.63825,4.43,1.2458736432847
2006-03-01,3.41792,4.51,1.2458736432847
2006-04-01,3.61384,4.6,0.9565654741993
2006-05-01,3.97727,4.72,0.9565654741993
2006-06-01,4.18172,4.79,0.9565654741993
2006-07-01,4.10467,4.95,0.5875271951461
2006-08-01,3.92657,4.96,0.5875271951461
2006-09-01,2.01207,4.81,0.5875271951461
2006-10-01,1.40633,4.92,0.959704651371
2006-11-01,1.9687,4.94,0.959704651371
2006-12-01,2.52398,4.85,0.959704651371
2007-01-01,2.07577,4.98,0.7692012886711
2007-02-01,2.42026,5.03,0.7692012886711
2007-03-01,2.7982,4.94,0.7692012886711
2007-04-01,2.59292,4.87,0.885297120954
2007-05-01,2.70989,4.73,0.885297120954
2007-06-01,2.69277,4.61,0.885297120954
2007-07-01,2.31789,4.82,0.9611896208282
2007-08-01,1.89745,4.2,0.9611896208282
2007-09-01,2.83383,3.89,0.9611896208282
2007-10-01,3.6107,3.9,1.0898011340644
2007-11-01,4.37327,3.27,1.0898011340644
2007-12-01,4.10881,3.0,1.0898011340644
2008-01-01,4.2947,2.75,0.1629274894255
2008-02-01,4.14296,2.12,0.1629274894255
2008-03-01,3.9749,1.26,0.1629274894255
2008-04-01,3.90376,1.29,0.2805179507347
2008-05-01,4.08841,1.73,0.2805179507347
2008-06-01,4.93597,1.86,0.2805179507347
2008-07-01,5.49751,1.63,-0.7007695024529
2008-08-01,5.30802,1.72,-0.7007695024529
2008-09-01,4.95332,1.13,-0.7007695024529
2008-10-01,3.73106,0.67,-3.292311483256
2008-11-01,1.09992,0.19,-3.292311483256
2008-12-01,-0.02223,0.03,-3.292311483256
2009-01-01,-0.11359,0.13,-4.7692785036007
2009-02-01,0.00846,0.3,-4.7692785036007
2009-03-01,-0.44648,0.21,-4.7692785036007
2009-04-01,-0.57632,0.16,-5.2930687968147
2009-05-01,-1.01576,0.18,-5.2930687968147
2009-06-01,-1.22917,0.18,-5.2930687968147
2009-07-01,-1.95876,0.18,-5.2940384201448
2009-08-01,-1.48384,0.17,-5.2940384201448
2009-09-01,-1.37794,0.12,-5.2940384201448
2009-10-01,-0.22397,0.07,-4.5973209103347
2009-11-01,1.91459,0.05,-4.5973209103347
2009-12-01,2.81412,0.05,-4.5973209103347
2010-01-01,2.62111,0.06,-4.4659533332031
2010-02-01,2.15134,0.11,-4.4659533332031
2010-03-01,2.28617,0.15,-4.4659533332031
2010-04-01,2.20677,0.16,-3.8831437908258
2010-05-01,2.00355,0.16,-3.8831437908258
2010-06-01,1.12156,0.12,-3.8831437908258
2010-07-01,1.34078,0.16,-3.501461699
2010-08-01,1.15018,0.16,-3.501461699
2010-09-01,1.11831,0.15,-3.501461699
2010-10-01,1.1667,0.13,-3.3671250362585
2010-11-01,1.08454,0.14,-3.3671250362585
2010-12-01,1.43779,0.14,-3.3671250362585
2011-01-01,1.70078,0.15,-3.979161009131
2011-02-01,2.1249,0.13,-3.979161009131
2011-03-01,2.61924,0.1,-3.979161009131
2011-04-01,3.07723,0.06,-3.7253585444087
2011-05-01,3.45897,0.04,-3.7253585444087
2011-06-01,3.50232,0.04,-3.7253585444087
2011-07-01,3.57988,0.04,-4.152033022599
2011-08-01,3.755,0.02,-4.152033022599
2011-09-01,3.81262,0.01,-4.152033022599
2011-10-01,3.52227,0.02,-3.4902496597237
2011-11-01,3.45143,0.01,-3.4902496597237
2011-12-01,3.06207,0.01,-3.4902496597237
2012-01-01,3.00877,0.03,-3.1026182662367
2012-02-01,2.89818,0.09,-3.1026182662367
2012-03-01,2.58288,0.08,-3.1026182662367
2012-04-01,2.27316,0.08,-3.0986608941586
2012-05-01,1.73794,0.09,-3.0986608941586
2012-06-01,1.65387,0.09,-3.0986608941586
2012-07-01,1.41751,0.1,-3.3899671455327
2012-08-01,1.68593,0.1,-3.3899671455327
2012-09-01,1.94972,0.11,-3.3899671455327
2012-10-01,2.15568,0.1,-3.7103579640665
2012-11-01,1.79602,0.09,-3.7103579640665
2012-12-01,1.7595,0.07,-3.7103579640665
2013-01-01,1.68406,0.07,-3.2007447337904
2013-02-01,2.01814,0.1,-3.2007447337904
2013-03-01,1.51875,0.09,-3.2007447337904
2013-04-01,1.13881,0.06,-3.3812787108743
2013-05-01,1.39039,0.04,-3.3812787108743
2013-06-01,1.71579,0.05,-3.3812787108743
2013-07-01,1.88547,0.04,-2.9995247625819
2013-08-01,1.53881,0.04,-2.9995247625819
2013-09-01,1.09473,0.02,-2.9995247625819
2013-10-01,0.8768,0.05,-2.5992792229406
2013-11-01,1.23287,0.07,-2.5992792229406
2013-12-01,1.51284,0.07,-2.5992792229406
2014-01-01,1.55776,0.04,-3.3798419056211
2014-02-01,1.12047,0.05,-3.3798419056211
2014-03-01,1.61269,0.05,-3.3798419056211
2014-04-01,2.01513,0.03,-2.581432524426
2014-05-01,2.16695,0.03,-2.581432524426
2014-06-01,2.05898,0.04,-2.581432524426
2014-07-01,1.97424,0.03,-1.8569345420214
2014-08-01,1.7151,0.03,-1.8569345420214
2014-09-01,1.68405,0.02,-1.8569345420214
2014-10-01,1.60954,0.02,-1.8219019246325
2014-11-01,1.23152,0.02,-1.8219019246325
2014-12-01,0.65312,0.03,-1.8219019246325
2015-01-01,-0.22993,0.03,-1.4016498787266
2015-02-01,-0.08703,0.02,-1.4016498787266
2015-03-01,-0.02203,0.03,-1.4016498787266
2015-04-01,-0.10403,0.02,-1.2557705538145
2015-05-01,0.03503,0.02,-1.2557705538145
2015-06-01,0.17957,0.02,-1.2557705538145
2015-07-01,0.22569,0.03,-1.3220931713448
2015-08-01,0.2413,0.07,-1.3220931713448
2015-09-01,0.00884,0.02,-1.3220931713448
2015-10-01,0.12762,0.02,-1.5962185410814
2015-11-01,0.43632,0.12,-1.5962185410814
2015-12-01,0.63872,0.23,-1.5962185410814
2016-01-01,1.2375,0.26,-1.4789048916987
2016-02-01,0.84728,0.31,-1.4789048916987
2016-03-01,0.89162,0.29,-1.4789048916987
2016-04-01,1.17263,0.23,-1.6125896157184
2016-05-01,1.07848,0.27,-1.6125896157184
2016-06-01,1.07929,0.27,-1.6125896157184
2016-07-01,0.86836,0.3,-1.3629131444072
2016-08-01,1.05532,0.3,-1.3629131444072
2016-09-01,1.54864,0.29,-1.3629131444072
2016-10-01,1.68592,0.33,-1.2631307538882
2016-11-01,1.68433,0.45,-1.2631307538882
2016-12-01,2.0508,0.51,-1.2631307538882
2017-01-01,2.51039,0.51,-1.2308827470118
2017-02-01,2.81036,0.52,-1.2308827470118
2017-03-01,2.4412,0.74,-1.2308827470118
2017-04-01,2.17622,0.8,-1.132009887262
2017-05-01,1.85634,0.89,-1.132009887262
2017-06-01,1.64057,0.98,-1.132009887262
2017-07-01,1.72511,1.07,-0.8214276479371
2017-08-01,1.92812,1.01,-0.8214276479371
2017-09-01,2.18057,1.03,-0.8214276479371
2017-10-01,2.02076,1.07,-0.1882035651111
2017-11-01,2.17249,1.23,-0.1882035651111
2017-12-01,2.12993,1.32,-0.1882035651111
2018-01-01,2.15132,1.41,0.124415206575
2018-02-01,2.26347,1.57,0.124415206575
2018-03-01,2.33095,1.7,0.124415206575
2018-04-01,2.471,1.76,0.1429143574929
2018-05-01,2.78192,1.86,0.1429143574929
2018-06-01,2.80755,1.9,0.1429143574929
2018-07-01,2.85412,1.96,0.2476417050334
2018-08-01,2.64292,2.03,0.2476417050334
2018-09-01,2.33206,2.13,0.2476417050334
2018-10-01,2.49203,2.25,-0.1309367993257
2018-11-01,2.14733,2.33,-0.1309367993257
2018-12-01,2.00238,2.37,-0.1309367993257
2019-01-01,1.48759,2.37,-0.0307328385862
2019-02-01,1.51886,2.39,-0.0307328385862
2019-03-01,1.88319,2.4,-0.0307328385862
2019-04-01,2.00058,2.38,0.2765841633759
2019-05-01,1.79591,2.35,0.2765841633759
2019-06-01,1.67119,2.17,0.2765841633759
2019-07-01,1.82633,2.1,0.9211437969328
2019-08-01,1.73764,1.95,0.9211437969328
2019-09-01,1.6845,1.89,0.9211437969328
2019-10-01,1.73397,1.65,1.0954518984828
2019-11-01,2.09229,1.54,1.0954518984828
2019-12-01,2.31953,1.54,1.0954518984828
2020-01-01,2.51226,1.52,-0.8081802035724
2020-02-01,2.33974,1.52,-0.8081802035724
2020-03-01,1.52314,0.29,-0.8081802035724
2020-04-01,0.34988,0.14,-9.1033172331735
2020-05-01,0.21622,0.13,-9.1033172331735
2020-06-01,0.70177,0.16,-9.1033172331735
2020-07-01,1.01876,0.13,-2.4539202198776
2020-08-01,1.3006,0.1,-2.4539202198776
2020-09-01,1.37308,0.11,-2.4539202198776
2020-10-01,1.20317,0.1,-1.8679893970323
2020-11-01,1.16954,0.09,-1.8679893970323
2020-12-01,1.30495,0.09,-1.8679893970323
2021-01-01,1.3951,0.08,-0.9558125261104
2021-02-01,1.67293,0.04,-0.9558125261104
2021-03-01,2.61863,0.03,-0.9558125261104
2021-04-01,4.14874,0.02,0.1546528005184
2021-05-01,4.92636,0.02,0.1546528005184
2021-06-01,5.31509,0.04,0.1546528005184
2021-07-01,5.25758,0.05,0.544281240938
2021-08-01,5.17531,0.05,0.544281240938
2021-09-01,5.36101,0.04,0.544281240938
2021-10-01,6.21904,0.05,1.8654015769077
2021-11-01,6.86253,0.05,1.8654015769077
2021-12-01,7.17658,0.06,1.8654015769077
2022-01-01,7.56977,0.15,1.0898998343841
2022-02-01,7.94892,0.33,1.0898998343841
2022-03-01,8.54743,0.44,1.0898998343841
2022-04-01,8.25186,0.76,0.6385674616214
2022-05-01,8.533,0.98,0.6385674616214
2022-06-01,8.98974,1.49,0.6385674616214
2022-07-01,8.44982,2.23,0.7948624986425
2022-08-01,8.21881,2.63,0.7948624986425
2022-09-01,8.19827,3.13,0.7948624986425
2022-10-01,7.75194,3.72,1.1123994630934
2022-11-01,7.11947,4.15,1.1123994630934
2022-12-01,6.4115,4.25,1.1123994630934
2023-01-01,6.36212,4.54,1.2979294079773
2023-02-01,5.96552,4.65,1.2979294079773
2023-03-01,4.93509,4.69,1.2979294079773
2023-04-01,4.94106,4.92,1.4029783732545
2023-05-01,4.12069,5.14,1.4029783732545
2023-06-01,3.05326,5.16,1.4029783732545
2023-07-01,3.27178,5.25,1.9793524889687
2023-08-01,3.71872,5.3,1.9793524889687
2023-09-01,3.69406,5.32,1.9793524889687
2023-10-01,3.24579,5.34,2.2650037457587
